"emp_id","full_name","job_title","age","gender","business_unit","ethnicity","annual_salary","city","country"
1,"Austin Vo","Sr. Analyst",55,"Male","Manufacturing","Caucasian",84913,"Phoenix","United States"
2,"Ruby Barnes","Manager",27,"Female","Corporate","Asian",95409,"Phoenix","United States"
3,"Luke Martin","Analyst",25,"Male","Manufacturing","Caucasian",119746,"Miami","United States"
4,"Easton Bailey","Manager",29,"Male","Manufacturing","Black",41336,"Austin","United States"
5,"Madeline Walker","Sr. Analyst",34,"Female","Speciality Products","Caucasian",113527,"Chicago","United States"
6,"Savannah Ali","Sr. Manger",36,"Female","Manufacturing","Caucasian",77203,"Miami","United States"
7,"Camila Rogers","Controls Engineer",27,"Female","Speciality Products","Asian",157333,"Seattle","United States"
8,"Eli Jones","Manager",59,"Male","Manufacturing","Caucasian",109851,"Austin","United States"
9,"Robert Yang","Sr. Analyst",31,"Male","Speciality Products","Caucasian",105086,"Austin","United States"
10,"Isabella Xi","Vice President",41,"Female","Research & Development","Asian",97078,"Seattle","United States"
11,"Bella Powell","Director",65,"Female","Research & Development","Asian",249270,"Phoenix","United States"
12,"Camila Silva","Sr. Manger",64,"Female","Speciality Products","Black",175837,"Seattle","United States"
13,"David Barnes","Director",64,"Male","Corporate","Latino",154828,"Columbus","United States"
14,"Eva Rivera","Director",36,"Female","Manufacturing","Caucasian",186503,"Miami","United States"
15,"Leonardo Dixon","Analyst",37,"Male","Speciality Products","Latino",151703,"Seattle","United States"
16,"Jose Henderson","Director",41,"Male","Speciality Products","Caucasian",49998,"Columbus","United States"
17,"Wyatt Chin","Vice President",43,"Male","Speciality Products","Black",152239,"Seattle","United States"
18,"Ezekiel Kumar","IT Coordinator",28,"Male","Research & Development","Asian",246231,"Columbus","United States"
19,"Angel Powell","Analyst II",61,"Male","Research & Development","Asian",54775,"Seattle","United States"
20,"Caroline Jenkins","Analyst",27,"Female","Research & Development","Caucasian",66521,"Chicago","United States"
21,"Nora Brown","Enterprise Architect",32,"Female","Manufacturing","Caucasian",49011,"Austin","United States"
22,"Jackson Perry","Vice President",27,"Male","Research & Development","Caucasian",99575,"Phoenix","United States"
23,"Riley Padilla","Technical Architect",35,"Female","Manufacturing","Caucasian",256420,"Miami","United States"
24,"Kennedy Foster","Manager",53,"Female","Speciality Products","Latino",78940,"Austin","United States"
25,"John Moore","Vice President",52,"Male","Speciality Products","Caucasian",113135,"Seattle","United States"
26,"Sadie Washington","Sr. Manger",29,"Female","Research & Development","Caucasian",199808,"Phoenix","United States"
27,"Gabriel Holmes","Enterprise Architect",40,"Male","Research & Development","Caucasian",122350,"Seattle","United States"
28,"Wyatt Rojas","Computer Systems Manager",32,"Male","Corporate","Caucasian",92952,"Austin","United States"
29,"Eva Coleman","Director",37,"Female","Research & Development","Latino",79921,"Seattle","United States"
30,"Dominic Clark","Quality Engineer",52,"Male","Research & Development","Black",167199,"Phoenix","United States"
31,"Lucy Alexander","Director",45,"Female","Manufacturing","Caucasian",71476,"Seattle","United States"
32,"Everleigh Washington","HRIS Analyst",64,"Female","Research & Development","Caucasian",189420,"Phoenix","United States"
33,"Leilani Butler","Analyst II",27,"Female","Manufacturing","Caucasian",64057,"Phoenix","United States"
34,"John Contreras","Analyst II",35,"Male","Manufacturing","Black",68728,"Columbus","United States"
35,"Rylee Yu","Director",36,"Female","Research & Development","Latino",66889,"Seattle","United States"
36,"Piper Lewis","Field Engineer",33,"Female","Research & Development","Asian",178700,"Chicago","United States"
37,"Stella Alexander","Automation Engineer",52,"Female","Corporate","Caucasian",83990,"Chicago","United States"
38,"Addison Do","Operations Engineer",46,"Female","Manufacturing","Caucasian",102043,"Columbus","United States"
39,"Zoey Jackson","Business Partner",46,"Female","Manufacturing","Asian",90678,"Miami","United States"
40,"Skylar Carrillo","Engineering Manager",44,"Female","Corporate","Black",59067,"Austin","United States"
41,"Christian Sanders","Vice President",45,"Male","Speciality Products","Latino",92753,"Seattle","United States"
42,"Penelope Coleman","Analyst",36,"Female","Corporate","Black",236946,"Miami","United States"
43,"Piper Richardson","Sr. Analyst",38,"Female","Corporate","Black",48906,"Columbus","United States"
44,"Everly Walker","HRIS Analyst",41,"Female","Speciality Products","Caucasian",80024,"Seattle","United States"
45,"Aurora Ali","Manager",30,"Female","Research & Development","Caucasian",54415,"Seattle","United States"
46,"Penelope Guerrero","Vice President",43,"Female","Speciality Products","Asian",120341,"Seattle","United States"
47,"Anna Mehta","Cloud Infrastructure Architect",32,"Female","Speciality Products","Latino",208415,"Seattle","United States"
48,"William Foster","Field Engineer",58,"Male","Manufacturing","Asian",78844,"Phoenix","United States"
49,"Jade Rojas","Director",37,"Female","Speciality Products","Caucasian",76354,"Phoenix","United States"
50,"David Chu","Controls Engineer",55,"Male","Corporate","Latino",165927,"Seattle","United States"
51,"Samuel Morales","Analyst II",34,"Male","Corporate","Asian",86299,"Phoenix","United States"
52,"John Soto","Sr. Manger",60,"Male","Manufacturing","Latino",57008,"Phoenix","United States"
53,"Joseph Martin","Analyst II",41,"Male","Corporate","Latino",141899,"Miami","United States"
54,"Jose Ross","Engineering Manager",53,"Male","Research & Development","Black",64847,"Miami","United States"
55,"Parker James","Quality Engineer",45,"Male","Speciality Products","Caucasian",116878,"Austin","United States"
56,"Lincoln Hall","Director",26,"Male","Speciality Products","Black",70505,"Chicago","United States"
57,"Gabriel Brooks","Network Engineer",29,"Male","Manufacturing","Caucasian",180664,"Miami","United States"
58,"Xavier Zheng","Account Representative",31,"Male","Manufacturing","Caucasian",84596,"Austin","United States"
59,"Matthew Chau","Sr. Business Partner",53,"Male","Research & Development","Asian",55854,"Seattle","United States"
60,"Mia Cheng","Sr. Manger",34,"Female","Manufacturing","Asian",95998,"Phoenix","United States"
61,"Nevaeh Jones","Vice President",31,"Female","Manufacturing","Asian",154941,"Austin","United States"
62,"Samantha Adams","Test Engineer",45,"Female","Research & Development","Caucasian",219693,"Seattle","United States"
63,"Madeline Shin","Computer Systems Manager",48,"Female","Speciality Products","Caucasian",61773,"Seattle","United States"
64,"Noah King","Development Engineer",56,"Male","Speciality Products","Asian",74546,"Miami","United States"
65,"Connor Simmons","Analyst II",55,"Male","Speciality Products","Black",62575,"Miami","United States"
66,"Grayson Cooper","Sr. Manger",64,"Male","Speciality Products","Caucasian",52310,"Columbus","United States"
67,"Ivy Soto","Field Engineer",50,"Female","Research & Development","Black",159571,"Austin","United States"
68,"Aurora Simmons","Development Engineer",51,"Female","Corporate","Latino",91763,"Austin","United States"
69,"Andrew Thomas","Controls Engineer",36,"Male","Manufacturing","Caucasian",96475,"Columbus","United States"
70,"Ezekiel Desai","Director",42,"Male","Research & Development","Caucasian",113781,"Seattle","United States"
71,"Evelyn Dinh","Director",41,"Female","Research & Development","Caucasian",74738,"Columbus","United States"
72,"Brooks Marquez","Vice President",61,"Male","Corporate","Asian",171173,"Chicago","United States"
73,"Connor Joseph","Director",50,"Male","Corporate","Latino",201464,"Chicago","United States"
74,"Mia Lam","Sr. Manger",49,"Female","Manufacturing","Caucasian",174895,"Austin","United States"
75,"Cora Rivera","Sr. Analyst",42,"Female","Corporate","Asian",134486,"Seattle","United States"
76,"Sophia Huynh","Enterprise Architect",55,"Female","Manufacturing","Latino",94430,"Miami","United States"
77,"Athena Carrillo","Analyst II",39,"Female","Speciality Products","Asian",92771,"Columbus","United States"
78,"Greyson Sanders","Cloud Infrastructure Architect",28,"Male","Speciality Products","Latino",71531,"Chicago","United States"
79,"Vivian Lewis","Manager",65,"Female","Manufacturing","Black",90304,"Columbus","United States"
80,"Natalia Diaz","Operations Engineer",62,"Female","Corporate","Caucasian",104903,"Austin","United States"
81,"Ava Nelson","Systems Analyst",63,"Female","Manufacturing","Latino",79785,"Phoenix","United States"
82,"Ezekiel Reed","Sr. Manger",37,"Male","Manufacturing","Caucasian",53809,"Miami","United States"
83,"Everleigh Espinoza","Director",54,"Female","Manufacturing","Caucasian",128984,"Austin","United States"
84,"Mateo Williams","Enterprise Architect",40,"Male","Manufacturing","Latino",176294,"Austin","United States"
85,"Hannah Nelson","Sr. Analyst",35,"Female","Speciality Products","Caucasian",97339,"Austin","United States"
86,"Anthony Rogers","Vice President",33,"Male","Corporate","Caucasian",70992,"Columbus","United States"
87,"Silas Chavez","Technical Architect",51,"Male","Research & Development","Caucasian",205314,"Columbus","United States"
88,"Genesis Perry","Sr. Manger",46,"Female","Corporate","Latino",86431,"Columbus","United States"
89,"Alexander Bryant","Field Engineer",30,"Male","Speciality Products","Caucasian",149712,"Seattle","United States"
90,"Lily Carter","Network Architect",54,"Female","Research & Development","Caucasian",88758,"Phoenix","United States"
91,"Avery Bailey","Sr. Analyst",49,"Female","Speciality Products","Caucasian",68268,"Phoenix","United States"
92,"Piper Cheng","Enterprise Architect",62,"Female","Manufacturing","Caucasian",86658,"Miami","United States"
93,"Skylar Watson","Network Architect",28,"Female","Speciality Products","Asian",82839,"Phoenix","United States"
94,"Elijah Henry","Manager",32,"Male","Corporate","Caucasian",64475,"Miami","United States"
95,"Camila Watson","Vice President",32,"Female","Speciality Products","Caucasian",127148,"Austin","United States"
96,"Lucas Thomas","Manager",55,"Male","Research & Development","Caucasian",190253,"Miami","United States"
97,"Skylar Doan","Sr. Business Partner",58,"Female","Research & Development","Caucasian",115798,"Seattle","United States"
98,"Hudson Liu","Engineering Manager",34,"Male","Speciality Products","Asian",93102,"Miami","United States"
99,"Gianna Williams","Quality Engineer",27,"Female","Research & Development","Asian",110054,"Chicago","United States"
100,"Daniel Richardson","Director",30,"Male","Speciality Products","Black",95786,"Austin","United States"
101,"Elias Figueroa","Sr. Manger",45,"Male","Corporate","Caucasian",184368,"Phoenix","United States"
102,"Emma Brooks","Sr. Account Representative",30,"Female","Research & Development","Latino",144754,"Austin","United States"
103,"Isla Wong","Vice President",56,"Female","Corporate","Caucasian",89458,"Austin","United States"
104,"Jaxson Mai","Vice President",48,"Male","Research & Development","Caucasian",137995,"Austin","United States"
105,"Ava Garza","Director",27,"Female","Manufacturing","Asian",197367,"Phoenix","United States"
106,"Nathan Mendez","Manager",53,"Male","Speciality Products","Latino",174097,"Austin","United States"
107,"Maria Griffin","Manager",59,"Female","Manufacturing","Latino",120128,"Miami","United States"
108,"Alexander Choi","Manager",55,"Male","Research & Development","Caucasian",129708,"Chicago","United States"
109,"Sophie Ali","Analyst",55,"Female","Manufacturing","Asian",102270,"Columbus","United States"
110,"Julian Ross","Manager",51,"Male","Research & Development","Asian",50475,"Miami","United States"
111,"Emma Hill","IT Coordinator",54,"Female","Manufacturing","Caucasian",100099,"Miami","United States"
112,"Jack Brown","Analyst",55,"Male","Corporate","Caucasian",41673,"Phoenix","United States"
113,"Ethan Clark","Sr. Business Partner",33,"Male","Manufacturing","Caucasian",40752,"Columbus","United States"
114,"Asher Jackson","Sr. Manger",50,"Male","Speciality Products","Caucasian",92610,"Columbus","United States"
115,"Aubrey Romero","Director",49,"Female","Corporate","Caucasian",123405,"Phoenix","United States"
116,"Jaxson Wright","Service Desk Analyst",54,"Male","Manufacturing","Latino",160832,"Columbus","United States"
117,"Brooklyn Reyes","Service Desk Analyst",36,"Female","Manufacturing","Black",64417,"Columbus","United States"
118,"Hadley Parker","Vice President",30,"Female","Corporate","Latino",91954,"Columbus","United States"
119,"Sarah Ayala","Analyst",47,"Female","Corporate","Latino",87536,"Seattle","United States"
120,"Elijah Kang","Vice President",35,"Male","Manufacturing","Latino",41429,"Seattle","United States"
121,"Ella White","Development Engineer",25,"Female","Manufacturing","Asian",245482,"Phoenix","United States"
122,"Jordan Truong","Director",45,"Male","Speciality Products","Caucasian",71359,"Miami","United States"
123,"Daniel Jordan","Network Administrator",58,"Male","Corporate","Asian",183161,"Phoenix","United States"
124,"Daniel Dixon","Operations Engineer",51,"Male","Speciality Products","Caucasian",69260,"Austin","United States"
125,"Levi Brown","Sr. Analyst",36,"Male","Corporate","Caucasian",95639,"Chicago","United States"
126,"Mason Cho","Vice President",59,"Male","Research & Development","Black",75119,"Chicago","United States"
127,"Elijah Watson","Sr. Manger",29,"Male","Manufacturing","Asian",192213,"Seattle","United States"
128,"Wesley Gray","Sr. Analyst",62,"Male","Speciality Products","Caucasian",151413,"Seattle","United States"
129,"Mateo Mendez","Development Engineer",47,"Male","Research & Development","Caucasian",76906,"Austin","United States"
130,"Luna Simmons","Sr. Analyst",28,"Female","Corporate","Latino",99091,"Chicago","United States"
131,"Samantha Barnes","Vice President",29,"Female","Speciality Products","Caucasian",95045,"Columbus","United States"
132,"Thomas Aguilar","Sr. Account Representative",45,"Male","Speciality Products","Caucasian",190401,"Phoenix","United States"
133,"Skylar Bell","Vice President",30,"Female","Manufacturing","Latino",79882,"Columbus","United States"
134,"Ella Hunter","Analyst",51,"Female","Manufacturing","Caucasian",255431,"Columbus","United States"
135,"Emery Hunter","Sr. Analyst",28,"Female","Corporate","Caucasian",53799,"Phoenix","United States"
136,"Sofia Parker","Cloud Infrastructure Architect",36,"Female","Manufacturing","Caucasian",82739,"Chicago","United States"
137,"Vivian Barnes","Director",51,"Female","Research & Development","Caucasian",99080,"Phoenix","United States"
138,"Kai Chow","Engineering Manager",45,"Male","Corporate","Caucasian",180687,"Austin","United States"
139,"Melody Cooper","Development Engineer",44,"Female","Research & Development","Asian",95743,"Austin","United States"
140,"Liam Grant","Sr. Business Partner",30,"Male","Research & Development","Caucasian",89695,"Phoenix","United States"
141,"Leonardo Martin","Manager",51,"Male","Speciality Products","Caucasian",93734,"Chicago","United States"
142,"Greyson Lam","Vice President",25,"Male","Manufacturing","Black",125375,"Miami","United States"
143,"Emilia Rivera","Test Engineer",42,"Female","Research & Development","Asian",198243,"Miami","United States"
144,"Penelope Johnson","Sr. Analyst",34,"Female","Research & Development","Latino",96023,"Chicago","United States"
145,"Eva Figueroa","Analyst II",48,"Female","Research & Development","Caucasian",83066,"Seattle","United States"
146,"Ezekiel Jordan","Sr. Manger",33,"Male","Corporate","Latino",61216,"Columbus","United States"
147,"Adam Espinoza","Test Engineer",36,"Male","Manufacturing","Caucasian",144231,"Seattle","United States"
148,"Cora Jiang","Vice President",53,"Female","Corporate","Latino",60055,"Austin","United States"
149,"Cooper Mitchell","Manager",43,"Male","Speciality Products","Asian",182202,"Seattle","United States"
150,"Jack Edwards","Manager",38,"Male","Manufacturing","Caucasian",117518,"Columbus","United States"
151,"Aria Xi","Director",45,"Female","Research & Development","Caucasian",126856,"Seattle","United States"
152,"Sarah Daniels","Sr. Manger",55,"Female","Manufacturing","Asian",165181,"Miami","United States"
153,"Autumn Joseph","Enterprise Architect",39,"Female","Corporate","Caucasian",138521,"Miami","United States"
154,"Evelyn Liang","Service Desk Analyst",40,"Female","Speciality Products","Black",73317,"Seattle","United States"
155,"Benjamin Delgado","Test Engineer",64,"Male","Corporate","Asian",69096,"Austin","United States"
156,"Zoe Rodriguez","Director",65,"Female","Speciality Products","Latino",70778,"Phoenix","United States"
157,"Cameron Evans","Test Engineer",50,"Male","Corporate","Latino",153938,"Columbus","United States"
158,"Eva Jenkins","Sr. Manger",55,"Female","Manufacturing","Caucasian",63098,"Chicago","United States"
159,"Cameron Powell","Business Partner",41,"Male","Manufacturing","Black",142318,"Austin","United States"
160,"Samantha Foster","Vice President",34,"Female","Research & Development","Black",49186,"Austin","United States"
161,"Jade Li","Director",47,"Female","Speciality Products","Black",220937,"Seattle","United States"
162,"Kinsley Acosta","Vice President",32,"Female","Speciality Products","Asian",183156,"Chicago","United States"
163,"Clara Kang","Sr. Manger",39,"Female","Manufacturing","Latino",192749,"Phoenix","United States"
164,"Harper Alexander","Sr. Analyst",26,"Female","Speciality Products","Asian",135325,"Phoenix","United States"
165,"Carter Reed","Development Engineer",40,"Male","Manufacturing","Caucasian",79356,"Seattle","United States"
166,"Everleigh Jiang","Director",58,"Female","Research & Development","Black",74412,"Columbus","United States"
167,"Audrey Smith","Field Engineer",58,"Female","Research & Development","Asian",173071,"Columbus","United States"
168,"Emery Acosta","Vice President",42,"Female","Research & Development","Caucasian",70189,"Columbus","United States"
169,"Charles Robinson","HRIS Analyst",26,"Male","Speciality Products","Latino",181452,"Seattle","United States"
170,"Miles Mehta","Director",64,"Male","Research & Development","Caucasian",70369,"Miami","United States"
171,"Ezra Simmons","Automation Engineer",38,"Male","Speciality Products","Asian",189933,"Phoenix","United States"
172,"David Owens","Sr. Analyst",43,"Male","Corporate","Caucasian",78237,"Austin","United States"
173,"Avery Yee","Systems Analyst",34,"Female","Manufacturing","Black",94246,"Miami","United States"
174,"Anna Molina","Sr. Analyst",41,"Female","Corporate","Asian",44614,"Columbus","United States"
175,"Logan Bryant","Sr. Manger",30,"Male","Speciality Products","Latino",70165,"Miami","United States"
176,"Isla Han","Technical Architect",58,"Female","Manufacturing","Caucasian",148485,"Chicago","United States"
177,"Christopher Vega","Engineering Manager",54,"Male","Research & Development","Asian",86089,"Chicago","United States"
178,"Connor Grant","Sr. Analyst",27,"Male","Speciality Products","Latino",106313,"Seattle","United States"
179,"Natalia Owens","Manager",31,"Female","Manufacturing","Caucasian",74077,"Austin","United States"
180,"Quinn Xiong","Test Engineer",55,"Female","Research & Development","Caucasian",104162,"Columbus","United States"
181,"Dominic Baker","Sr. Analyst",51,"Male","Manufacturing","Asian",73248,"Chicago","United States"
182,"Adam Nelson","Director",25,"Male","Speciality Products","Black",91853,"Chicago","United States"
183,"Autumn Reed","Development Engineer",37,"Female","Corporate","Caucasian",168014,"Miami","United States"
184,"Robert Edwards","HRIS Analyst",62,"Male","Corporate","Caucasian",70770,"Seattle","United States"
185,"Eleanor Li","Sr. Manger",64,"Female","Research & Development","Caucasian",50825,"Chicago","United States"
186,"Connor Vang","Analyst",25,"Male","Speciality Products","Asian",125807,"Miami","United States"
187,"Violet Hall","Solutions Architect",40,"Female","Corporate","Asian",46845,"Chicago","United States"
188,"Dylan Padilla","HRIS Analyst",31,"Male","Manufacturing","Caucasian",97807,"Seattle","United States"
189,"Nathan Pham","Sr. Manger",45,"Male","Manufacturing","Latino",73854,"Seattle","United States"
190,"Ayla Brown","Sr. Manger",49,"Female","Manufacturing","Asian",149537,"Phoenix","United States"
191,"Isaac Mitchell","Network Architect",46,"Male","Speciality Products","Caucasian",128303,"Austin","United States"
192,"Connor Fong","Manager",40,"Male","Speciality Products","Black",67374,"Seattle","United States"
193,"Emery Mitchell","Vice President",48,"Female","Manufacturing","Asian",120905,"Seattle","United States"
194,"Landon Luu","Vice President",31,"Male","Research & Development","Caucasian",231567,"Miami","United States"
195,"Sophia Ahmed","Sr. Manger",30,"Female","Speciality Products","Asian",215388,"Seattle","United States"
196,"Sofia Dinh","Operations Engineer",55,"Female","Corporate","Asian",127972,"Chicago","United States"
197,"Piper Patterson","Quality Engineer",45,"Female","Corporate","Asian",80701,"Chicago","United States"
198,"Cora Evans","Computer Systems Manager",45,"Female","Speciality Products","Caucasian",88045,"Austin","United States"
199,"Cameron Young","Vice President",63,"Male","Manufacturing","Black",86478,"Seattle","United States"
200,"Melody Ho","Analyst II",55,"Female","Research & Development","Caucasian",180994,"Columbus","United States"
201,"Aiden Bryant","Account Representative",47,"Male","Manufacturing","Asian",64494,"Columbus","United States"
202,"Grayson Walker","Director",29,"Male","Manufacturing","Black",70122,"Seattle","United States"
203,"Scarlett Figueroa","Business Partner",34,"Female","Speciality Products","Caucasian",181854,"Miami","United States"
204,"Ruby Medina","Director",50,"Female","Manufacturing","Black",71192,"Seattle","United States"
205,"Miles Evans","Network Architect",54,"Male","Manufacturing","Latino",155351,"Miami","United States"
206,"Leo Owens","Systems Analyst",47,"Male","Corporate","Caucasian",87216,"Seattle","United States"
207,"Caroline Owens","Director",26,"Female","Speciality Products","Caucasian",50069,"Phoenix","United States"
208,"Kennedy Do","Computer Systems Manager",42,"Female","Manufacturing","Caucasian",151108,"Phoenix","United States"
209,"Jade Acosta","Development Engineer",47,"Female","Research & Development","Asian",67398,"Seattle","United States"
210,"Mila Vasquez","Quality Engineer",60,"Female","Manufacturing","Latino",68488,"Columbus","United States"
211,"Allison Ayala","Analyst",36,"Female","Corporate","Latino",92932,"Austin","United States"
212,"Maria Wilson","Vice President",51,"Female","Research & Development","Latino",43363,"Columbus","United States"
213,"Everly Coleman","Vice President",48,"Female","Corporate","Caucasian",200246,"Columbus","United States"
214,"Hannah Gomez","Technical Architect",25,"Female","Manufacturing","Caucasian",194871,"Miami","United States"
215,"Jacob Davis","Director",36,"Male","Research & Development","Latino",83934,"Chicago","United States"
216,"Andrew Huynh","Business Partner",57,"Male","Speciality Products","Caucasian",150399,"Miami","United States"
217,"Samuel Vega","Analyst II",37,"Male","Speciality Products","Asian",54051,"Miami","United States"
218,"Isaac Sanders","HRIS Analyst",49,"Male","Manufacturing","Latino",69570,"Miami","United States"
219,"Lucas Ramos","Sr. Business Partner",56,"Male","Speciality Products","Asian",64170,"Phoenix","United States"
220,"Santiago f Gonzalez","Manager",36,"Male","Research & Development","Latino",72303,"Seattle","United States"
221,"Henry Zhu","Vice President",38,"Male","Speciality Products","Latino",105891,"Austin","United States"
222,"Vivian Guzman","Analyst II",53,"Female","Speciality Products","Asian",255230,"Phoenix","United States"
223,"Hadley Contreras","Director",60,"Female","Corporate","Latino",58605,"Austin","United States"
224,"Connor Walker","Analyst II",30,"Male","Manufacturing","Latino",178502,"Columbus","United States"
225,"Addison Roberts","Network Architect",65,"Female","Manufacturing","Caucasian",54714,"Seattle","United States"
226,"Dylan Thao","Director",53,"Male","Manufacturing","Caucasian",60985,"Seattle","United States"
227,"Daniel Perry","Enterprise Architect",62,"Male","Research & Development","Asian",168510,"Columbus","United States"
228,"Paisley Hunter","Engineering Manager",61,"Female","Research & Development","Caucasian",80921,"Chicago","United States"
229,"Everleigh White","Network Architect",59,"Female","Speciality Products","Caucasian",98110,"Phoenix","United States"
230,"Piper Sun","Director",64,"Female","Manufacturing","Caucasian",86831,"Seattle","United States"
231,"Lucy Johnson","Manager",57,"Female","Research & Development","Asian",171217,"Columbus","United States"
232,"Ian Ngo","Manager",52,"Male","Speciality Products","Caucasian",103058,"Phoenix","United States"
233,"Joseph Vazquez","Sr. Manger",40,"Male","Speciality Products","Asian",117062,"Miami","United States"
234,"Benjamin Ford","Analyst II",31,"Male","Speciality Products","Caucasian",67976,"Phoenix","United States"
235,"Ivy Daniels","Sr. Manger",41,"Female","Speciality Products","Caucasian",74215,"Columbus","United States"
236,"Caroline Phan","Sr. Manger",41,"Female","Corporate","Caucasian",131841,"Austin","United States"
237,"Maverick Mehta","Systems Analyst",40,"Male","Manufacturing","Asian",155004,"Seattle","United States"
238,"Austin Edwards","IT Coordinator",42,"Male","Manufacturing","Asian",41859,"Chicago","United States"
239,"Daniel Huang","Vice President",31,"Male","Corporate","Black",52733,"Columbus","United States"
240,"Mason Watson","Sr. Manger",46,"Male","Corporate","Asian",250953,"Chicago","United States"
241,"Madeline Coleman","Sr. Manger",51,"Female","Research & Development","Caucasian",130274,"Chicago","United States"
242,"Silas Hunter","Solutions Architect",55,"Male","Corporate","Caucasian",150758,"Chicago","United States"
243,"Nicholas Brooks","Analyst II",43,"Male","Manufacturing","Black",62174,"Phoenix","United States"
244,"Dominic Thomas","Analyst II",48,"Male","Manufacturing","Caucasian",56555,"Austin","United States"
245,"Alice Young","Automation Engineer",46,"Female","Research & Development","Caucasian",93017,"Chicago","United States"
246,"Logan Carrillo","Sr. Analyst",33,"Male","Research & Development","Caucasian",91621,"Miami","United States"
247,"Caroline Alexander","Business Partner",42,"Female","Manufacturing","Latino",91280,"Columbus","United States"
248,"Serenity Bailey","IT Systems Architect",55,"Female","Manufacturing","Black",47071,"Chicago","United States"
249,"Eliza Adams","Account Representative",26,"Female","Manufacturing","Caucasian",81218,"Chicago","United States"
